date,y
2015-01-01,470481.38127133617
2015-01-02,431802.9794010122
2015-01-03,355532.33673354296
2015-01-04,477181.45462550374
2015-01-05,542685.0651796185
2015-01-06,562725.127806373
2015-01-07,731815.8372163248
2015-01-08,784065.1065118499
2015-01-09,718026.8082344005
2015-01-10,728123.2595769914
2015-01-11,858250.7823560119
2015-01-12,851028.3248755492
2015-01-13,874048.1515952735
2015-01-14,929327.0875406947
2015-01-15,814416.0799868094
2015-01-16,677401.809844475
2015-01-17,770168.702535084
2015-01-18,853036.33473069
2015-01-19,730481.1779858593
2015-01-20,907674.6226976076
2015-01-21,1134982.9895460298
2015-01-22,1172805.5509251202
2015-01-23,1197518.3484951134
2015-01-24,1094335.9921612716
2015-01-25,798748.151756666
2015-01-26,510629.71354294
2015-01-27,650667.8312255712
2015-01-28,471919.6471356094
2015-01-29,239374.2655203857
2015-01-30,315241.1614594991
2015-01-31,341448.63044224377
2015-02-01,136329.8977235785
2015-02-02,259757.48807801766
2015-02-03,415831.5670553279
2015-02-04,308103.87429500587
2015-02-05,403179.0805214919
2015-02-06,674664.1341912478
2015-02-07,622720.8305414967
2015-02-08,575542.3769508279
2015-02-09,429229.70213947527
2015-02-10,270434.6702918468
2015-02-11,351351.7383258266
2015-02-12,339067.976487349
2015-02-13,149694.34736172442
2015-02-14,263364.579514868
2015-02-15,227565.58157222148
2015-02-16,355185.9564722199
2015-02-17,393204.85518761
2015-02-18,337757.15367710806
2015-02-19,271447.03630187776
2015-02-20,232362.30130502954
2015-02-21,293369.89656315296
2015-02-22,304448.2647870513
2015-02-23,248013.8676562095
2015-02-24,109796.1294640209
2015-02-25,105873.65480366658
2015-02-26,80515.63367198908
2015-02-27,128325.95069633587
2015-02-28,101654.06196940917
2015-03-01,109897.77982068749
2015-03-02,148124.44534226437
2015-03-03,206167.13753685722
2015-03-04,347319.9790498613
2015-03-05,384288.7608090234
2015-03-06,299517.7316031071
2015-03-07,343805.5988441255
2015-03-08,334384.1465139886
2015-03-09,327775.7467642565
2015-03-10,231289.63470291783
2015-03-11,235391.76887613564
2015-03-12,109235.60746310354
2015-03-13,94305.57641878945
2015-03-14,263034.37560351455
2015-03-15,306428.57970172726
2015-03-16,418829.3458020136
2015-03-17,449996.6436459619
2015-03-18,480814.9751381177
2015-03-19,594827.5226306213
2015-03-20,535327.4532671664
2015-03-21,581474.635734972
2015-03-22,672669.9291493917
2015-03-23,595644.6706288344
2015-03-24,595153.9018842977
2015-03-25,493551.0533030489
2015-03-26,441606.79868349724
2015-03-27,398363.41767512343
2015-03-28,570509.520748864
2015-03-29,466788.17991455016
2015-03-30,553865.4230881175
2015-03-31,511325.89293571486
2015-04-01,475996.52686799306
2015-04-02,536053.9124315698
2015-04-03,530259.9690464844
2015-04-04,489478.30123099603
2015-04-05,285484.17369947454
2015-04-06,176113.14757788996
2015-04-07,166776.15179035004
2015-04-08,291233.95431301056
2015-04-09,112333.32089874567
2015-04-10,125431.80360633944
2015-04-11,158505.347132813
2015-04-12,310319.05861593224
2015-04-13,307443.9811983279
2015-04-14,482715.36986141297
2015-04-15,527797.5507055374
2015-04-16,568569.4093357195
2015-04-17,440489.8294009485
2015-04-18,588119.7225441907
2015-04-19,707106.1648778826
2015-04-20,562290.6923425656
2015-04-21,605402.8098588563
2015-04-22,421149.92629886034
2015-04-23,445585.6734643241
2015-04-24,600349.9779706014
2015-04-25,819694.3979453112
2015-04-26,964254.929173621
2015-04-27,853137.3238367694
2015-04-28,779224.9342895208
2015-04-29,716692.6251714737
2015-04-30,666663.8958107359
2015-05-01,624676.806966621
2015-05-02,443229.93390155875
2015-05-03,441898.41679985845
2015-05-04,511840.2015123906
2015-05-05,640005.3872051829
2015-05-06,671963.2714538946
2015-05-07,714984.7012440037
2015-05-08,656797.3490981095
2015-05-09,666797.8681583041
2015-05-10,667326.9032243424
2015-05-11,669882.916815524
2015-05-12,687651.4585649926
2015-05-13,764681.7801625445
2015-05-14,775413.891957818
2015-05-15,617739.6640999141
2015-05-16,467298.199664164
2015-05-17,550244.6252127924
2015-05-18,811872.928526413
2015-05-19,885623.17184724
2015-05-20,926490.834736577
2015-05-21,1023536.2758215382
2015-05-22,924397.4784843812
2015-05-23,845393.8239663375
2015-05-24,668555.6354093243
2015-05-25,655078.50227476
2015-05-26,771398.7071797451
2015-05-27,804551.5733210064
2015-05-28,825448.6470986744
2015-05-29,813710.5343142205
2015-05-30,803991.2963898804
2015-05-31,790636.4080257941
2015-06-01,917971.1449757582
2015-06-02,1017961.7823220592
2015-06-03,1068898.3722278443
2015-06-04,852305.6389123723
2015-06-05,680310.7216409951
2015-06-06,506795.6927108746
2015-06-07,445926.3733205317
2015-06-08,609090.6066322706
2015-06-09,667376.6780244474
2015-06-10,709854.5695373411
2015-06-11,542333.5590802535
2015-06-12,398239.63469112595
2015-06-13,525491.1388774397
2015-06-14,604656.6929171815
2015-06-15,685165.9495785699
2015-06-16,728685.7343431468
2015-06-17,713865.5352029691
2015-06-18,638611.33628231
2015-06-19,823877.0142783597
2015-06-20,921191.5374869177
2015-06-21,843834.5053033596
2015-06-22,908285.3565088436
2015-06-23,879428.943944268
2015-06-24,711048.0664418514
2015-06-25,672019.0273961179
2015-06-26,632259.3241283107
2015-06-27,564575.4155342734
2015-06-28,365612.610949356
2015-06-29,433378.42750583624
2015-06-30,343708.23899051966
2015-07-01,403854.57416969474
2015-07-02,372974.4266531266
2015-07-03,462479.6086255866
2015-07-04,478413.11852148455
2015-07-05,621717.2238227988
2015-07-06,672926.4436509737
2015-07-07,616104.4465529649
2015-07-08,743724.8318011017
2015-07-09,633382.2871928418
2015-07-10,501647.1573781228
2015-07-11,448779.8779585471
2015-07-12,621869.3439339726
2015-07-13,592894.8730300687
2015-07-14,517333.90057183965
2015-07-15,537344.8258717312
2015-07-16,509962.1865247029
2015-07-17,410284.43379444163
2015-07-18,464511.1106679489
2015-07-19,397307.51473393827
2015-07-20,264247.45796171867
2015-07-21,90123.70669484063
2015-07-22,102049.48475766066
2015-07-23,148163.99836859765
2015-07-24,262948.3736359898
2015-07-25,559305.7967115886
2015-07-26,552663.4115959918
2015-07-27,702833.7981629493
2015-07-28,903299.8435089253
2015-07-29,994720.8020333737
2015-07-30,746732.3721628134
2015-07-31,785632.7256060198
2015-08-01,769514.5436372736
2015-08-02,741596.1106930022
2015-08-03,594123.6358607382
2015-08-04,452412.8327509033
2015-08-05,613273.5811567387
2015-08-06,571014.5524334838
2015-08-07,522240.1514339944
2015-08-08,706391.3243595066
2015-08-09,718689.9876202974
2015-08-10,688808.5277563948
2015-08-11,845603.0180409945
2015-08-12,739904.8231353181
2015-08-13,722263.8472322803
2015-08-14,853384.3430434782
2015-08-15,818471.002726511
2015-08-16,667870.1939645547
2015-08-17,708806.6355178953
2015-08-18,764930.2169013676
2015-08-19,918271.2325689236
2015-08-20,778728.2168863897
2015-08-21,859218.8605345679
2015-08-22,886765.6319864565
2015-08-23,763291.3048203535
2015-08-24,903324.9269799424
2015-08-25,923630.6902937234
2015-08-26,749753.6039350483
2015-08-27,721204.2830792473
2015-08-28,665762.7706753749
2015-08-29,695525.3782099632
2015-08-30,696024.8949086373
2015-08-31,827041.6714794886
2015-09-01,781930.2128363404
2015-09-02,802663.8852369153
2015-09-03,637282.1187580618
2015-09-04,434998.8459506385
2015-09-05,256089.41110776213
2015-09-06,146646.00245060335
2015-09-07,148147.71210120537
2015-09-08,81694.375922938
2015-09-09,330604.47918596776
2015-09-10,333036.8573995102
2015-09-11,360201.2874897432
2015-09-12,445569.05640941614
2015-09-13,615902.4206897637
2015-09-14,570081.0165857296
2015-09-15,780209.1440787241
2015-09-16,967816.3740358715
2015-09-17,892704.342673261
2015-09-18,862838.527931595
2015-09-19,848066.2557423236
2015-09-20,690230.0608358772
2015-09-21,605590.0222612838
2015-09-22,738595.990300196
2015-09-23,843601.6572224672
2015-09-24,626012.2836017464
2015-09-25,733078.1657843693
2015-09-26,928777.0287949143
2015-09-27,1015264.3404574106
2015-09-28,974722.4513042675
2015-09-29,964256.6372526359
2015-09-30,781058.1070691133
2015-10-01,765722.1266291507
2015-10-02,856350.7075228094
2015-10-03,733351.5863236387
2015-10-04,802421.1807672328
2015-10-05,725176.3734653513
2015-10-06,686137.6620157231
2015-10-07,599218.1500368885
2015-10-08,660301.6544354731
2015-10-09,625910.1430943749
2015-10-10,539464.4089487115
2015-10-11,442406.318694088
2015-10-12,378339.4799087881
2015-10-13,446125.9005279346
2015-10-14,558013.9283284389
2015-10-15,544100.5178147971
2015-10-16,538662.9410407724
2015-10-17,380931.8536865449
2015-10-18,542868.3496291914
2015-10-19,537410.797359666
2015-10-20,592188.605547146
2015-10-21,609072.1757768946
2015-10-22,708951.8183514988
2015-10-23,910866.4953770093
2015-10-24,805731.2914643813
2015-10-25,555557.1853061571
2015-10-26,630930.0519192674
2015-10-27,772956.7954666938
2015-10-28,588896.7824155893
2015-10-29,632883.8121935844
2015-10-30,596144.1536440972
2015-10-31,570012.6977064641
2015-11-01,582545.6342679205
2015-11-02,570475.8849829874
2015-11-03,439542.44783448655
2015-11-04,380491.0099955812
2015-11-05,237150.1864547049
2015-11-06,282178.56169152004
2015-11-07,187726.60439211823
2015-11-08,179338.5671613589
2015-11-09,439129.24141367484
2015-11-10,572053.2748883886
2015-11-11,662572.7982471859
2015-11-12,658036.4302102468
2015-11-13,678006.8430750482
2015-11-14,692667.4992378411
2015-11-15,690756.4806280074
2015-11-16,801831.6438704008
2015-11-17,822647.4119391331
2015-11-18,831527.5819892888
2015-11-19,933976.0835307777
2015-11-20,858197.9384816532
2015-11-21,771575.6898890682
2015-11-22,660144.2338539651
2015-11-23,610006.4574232638
2015-11-24,706477.9146737177
2015-11-25,636653.8915310152
2015-11-26,704836.399231752
2015-11-27,882417.4573389699
2015-11-28,886657.0927665029
2015-11-29,785687.8485217786
2015-11-30,726774.2767891053
2015-12-01,500801.3058677154
2015-12-02,564376.3429077567
2015-12-03,596919.3401071845
2015-12-04,578291.5729375257
2015-12-05,602585.4836091296
2015-12-06,733260.3691368196
2015-12-07,652727.7064279029
2015-12-08,663915.2574664236
2015-12-09,739303.3387961934
2015-12-10,769984.5949742338
2015-12-11,771067.7985402691
2015-12-12,853895.882467649
2015-12-13,834470.0421084275
2015-12-14,622142.5185123543
2015-12-15,718811.578673331
2015-12-16,620713.6013727108
2015-12-17,490324.1134507187
2015-12-18,728595.2302541488
2015-12-19,883163.7990798141
2015-12-20,734013.783065388
2015-12-21,764537.4690776541
2015-12-22,897053.8685898583
2015-12-23,904642.4497020796
2015-12-24,856448.7775021456
2015-12-25,879384.2400920568
2015-12-26,931596.3710600245
2015-12-27,825262.6188047758
2015-12-28,880077.7685803608
2015-12-29,885534.0569222708
2015-12-30,665242.2326983965
2015-12-31,648091.497088196
2016-01-01,591179.592706851
2016-01-02,658506.7203203576
2016-01-03,636194.456184708
2016-01-04,749403.967519824
2016-01-05,675825.8266043181
2016-01-06,764989.9655748816
2016-01-07,762799.5794373795
2016-01-08,687013.1612083849
2016-01-09,741916.5394754987
2016-01-10,648144.2983347992
2016-01-11,694947.6136832329
2016-01-12,682651.5250593296
2016-01-13,693448.3861122805
2016-01-14,892050.6916662966
2016-01-15,1022214.1324089739
2016-01-16,789151.0781124263
2016-01-17,732523.885491438
2016-01-18,644288.877864091
2016-01-19,716332.7562631281
2016-01-20,661158.2586429245
2016-01-21,805352.0324606117
2016-01-22,848561.170525407
2016-01-23,917101.0017053408
2016-01-24,923763.8762871535
2016-01-25,918613.7442108232
2016-01-26,785049.5046186657
2016-01-27,814579.1555691145
2016-01-28,788849.4675198379
2016-01-29,788161.3172853724
2016-01-30,877745.9771637004
2016-01-31,698503.1319507502
2016-02-01,574613.6211185736
2016-02-02,775957.2017697096
2016-02-03,786286.6587417596
2016-02-04,642974.4212561203
2016-02-05,789924.3941792091
2016-02-06,668571.118424595
2016-02-07,531990.1402299491
2016-02-08,500510.9613261185
2016-02-09,606092.6059800892
2016-02-10,509291.99339593557
2016-02-11,684494.4924721695
2016-02-12,514340.5729465109
2016-02-13,718994.1076418262
2016-02-14,701090.1495022689
2016-02-15,511475.63175793266
2016-02-16,612475.9750891171
2016-02-17,610030.2868179472
2016-02-18,651992.1841554391
2016-02-19,668240.3666888042
2016-02-20,708952.92888061
2016-02-21,874272.7405611284
2016-02-22,905239.1602058129
2016-02-23,770176.06902864
2016-02-24,694738.8546913847
2016-02-25,572687.8323197452
2016-02-26,577107.8407321043
2016-02-27,462897.63081884035
2016-02-28,436312.0788852247
2016-02-29,334363.9348663368
2016-03-01,277613.10475128406
2016-03-02,264869.82019060105
2016-03-03,363124.8044118947
2016-03-04,269451.3803347377
2016-03-05,492461.72544695286
2016-03-06,475720.3295832023
2016-03-07,616019.752547207
2016-03-08,610545.3091992084
2016-03-09,559320.8091213214
2016-03-10,563782.2679675148
2016-03-11,635463.2024045222
2016-03-12,608216.3417012225
2016-03-13,509595.7396906424
2016-03-14,574859.7589918133
2016-03-15,459419.4685895296
2016-03-16,384729.5256649429
2016-03-17,385556.60367716145
2016-03-18,374314.3860780697
2016-03-19,262825.37236633
2016-03-20,290941.43615916104
2016-03-21,470953.21433178836
2016-03-22,433509.4512418371
2016-03-23,548147.8100142059
2016-03-24,590512.6455597561
2016-03-25,488894.2718533813
2016-03-26,459317.5855367477
2016-03-27,382417.5360070673
2016-03-28,379619.13225365314
2016-03-29,418706.5618887135
2016-03-30,451332.516073543
2016-03-31,382327.7465727151
2016-04-01,426514.16719011666
2016-04-02,518024.84155802196
2016-04-03,443076.85919872153
2016-04-04,344243.53802894277
2016-04-05,382121.44575600367
2016-04-06,454139.3959401863
2016-04-07,620066.5038812935
2016-04-08,565017.6020693023
2016-04-09,544291.7063024862
2016-04-10,448253.83559497836
2016-04-11,326607.9028444034
2016-04-12,419191.0790067513
2016-04-13,375758.7012483134
2016-04-14,264912.1586183581
2016-04-15,484469.240203701
2016-04-16,629849.4111145083
2016-04-17,731447.8382800348
2016-04-18,779765.5747982569
2016-04-19,637878.9785888112
2016-04-20,664510.8536634832
2016-04-21,581852.3427920854
2016-04-22,424349.5253879371
2016-04-23,440346.65763525636
2016-04-24,502753.36208263354
2016-04-25,562351.4094249983
2016-04-26,465209.7251166213
2016-04-27,547585.641427738
2016-04-28,407053.98724993586
2016-04-29,273505.43391847523
2016-04-30,343031.02979787486
2016-05-01,246042.74725346855
2016-05-02,195327.50348240958
2016-05-03,284057.99893585726
2016-05-04,360476.28026398714
2016-05-05,512201.82940038125
2016-05-06,442206.86972199165
2016-05-07,366955.95303013327
2016-05-08,286340.36533191614
2016-05-09,208759.32704496628
2016-05-10,289450.98819188034
2016-05-11,517078.9572252666
2016-05-12,606819.9206907635
2016-05-13,597014.7738115768
2016-05-14,484712.5499471715
2016-05-15,591120.3608638452
2016-05-16,572917.8441323426
2016-05-17,480938.8897810689
2016-05-18,572273.6588698545
2016-05-19,507095.8328615211
2016-05-20,407878.22764282615
2016-05-21,439764.2521180484
2016-05-22,473243.8360457596
2016-05-23,421434.65180624137
2016-05-24,563793.0526900915
2016-05-25,485323.7439164934
2016-05-26,391222.5974059685
2016-05-27,366148.07508862636
2016-05-28,376651.8641002327
2016-05-29,328992.81827729987
2016-05-30,524495.4505752102
2016-05-31,502084.1317449371
2016-06-01,724756.349390884
2016-06-02,723106.0530203335
2016-06-03,716171.9622665172
2016-06-04,735937.3254296699
2016-06-05,607596.7265973252
2016-06-06,613387.6262661858
2016-06-07,437628.7013885157
2016-06-08,478909.8256588522
2016-06-09,264561.6985122162
2016-06-10,297388.0220135483
2016-06-11,351653.6184171344
2016-06-12,506425.168168892
2016-06-13,356473.3349209981
2016-06-14,397548.02201843983
2016-06-15,478826.8128380162
2016-06-16,575174.8946213487
2016-06-17,570709.1791500323
2016-06-18,626017.3213182195
2016-06-19,579544.9579266798
2016-06-20,658702.4787021499
2016-06-21,646762.2528647948
2016-06-22,692250.7920919908
2016-06-23,762880.1662848116
2016-06-24,767232.3957932089
2016-06-25,838623.7927219947
2016-06-26,757388.3530370739
2016-06-27,694937.8558318176
2016-06-28,691509.3548587732
2016-06-29,678842.3149932667
2016-06-30,630908.3573870806
2016-07-01,680503.5240411917
2016-07-02,636190.618521696
2016-07-03,555770.0154684125
2016-07-04,618365.1210878318
2016-07-05,619516.9364319965
2016-07-06,502055.8743129333
2016-07-07,427553.51936982677
2016-07-08,546706.2044251359
2016-07-09,503139.3222600012
2016-07-10,564689.2895190489
2016-07-11,493689.55598346354
2016-07-12,554500.5982188778
2016-07-13,715478.6219853354
2016-07-14,646495.5787150186
2016-07-15,502840.24915443454
2016-07-16,539831.1433516546
2016-07-17,393440.1450676955
2016-07-18,305811.0493982043
2016-07-19,261205.16767763736
2016-07-20,297683.9505866203
2016-07-21,380915.95130083454
2016-07-22,278710.4050760779
2016-07-23,366908.757778135
2016-07-24,303991.2717641725
2016-07-25,273652.58868609334
2016-07-26,434870.66576076427
2016-07-27,429361.4109872276
2016-07-28,617819.0101271749
2016-07-29,502346.6393117741
2016-07-30,495516.9044516713
2016-07-31,640052.5657165168
2016-08-01,777498.2421716423
2016-08-02,845961.3563182311
2016-08-03,745059.7801468426
2016-08-04,584302.3712841569
2016-08-05,596651.7781101622
2016-08-06,673894.8925192201
2016-08-07,516636.3986670588
2016-08-08,551967.2063317539
2016-08-09,590704.1644777968
2016-08-10,542142.7970690755
2016-08-11,594439.0777230014
2016-08-12,762935.0714108287
2016-08-13,849348.2557343054
2016-08-14,926420.0101111851
2016-08-15,1122543.491023576
2016-08-16,922007.2751682841
2016-08-17,972850.8425344075
2016-08-18,1004800.5304921359
2016-08-19,861500.9304309435
2016-08-20,830534.8155440136
2016-08-21,728492.4567544665
2016-08-22,697965.2626458463
2016-08-23,483946.7275792872
2016-08-24,478673.52224396495
2016-08-25,499831.8166995354
2016-08-26,621682.6601679513
2016-08-27,770752.581935972
2016-08-28,696245.6176138232
2016-08-29,678836.1913860372
2016-08-30,800470.9114692096
2016-08-31,670873.0006558831
2016-09-01,780906.2624994928
2016-09-02,692887.5364914736
2016-09-03,409054.49040536315
2016-09-04,515701.1046399172
2016-09-05,479725.28404026956
2016-09-06,587351.302676054
2016-09-07,517906.8093995545
2016-09-08,611304.8385089426
2016-09-09,728907.2788605053
2016-09-10,578721.2867430476
2016-09-11,579820.9772095495
2016-09-12,455744.962112257
2016-09-13,538207.4460802393
2016-09-14,445133.849300332
2016-09-15,336735.17523528053
2016-09-16,324833.3975481032
2016-09-17,415196.9355348309
2016-09-18,361074.4532110781
2016-09-19,279122.886353775
2016-09-20,332086.17368145986
2016-09-21,476798.4192386675
2016-09-22,478266.63522432436
2016-09-23,523527.8791801536
2016-09-24,647467.2262229966
2016-09-25,667421.1714635998
2016-09-26,508899.3195977204
2016-09-27,535421.5837266245
2016-09-28,667860.1028922475
2016-09-29,573957.1366549549
2016-09-30,588099.187303504
2016-10-01,536291.0235350683
2016-10-02,399021.43590374023
2016-10-03,355799.7989296251
2016-10-04,579112.5399439876
2016-10-05,621635.7260871509
2016-10-06,552736.5891498128
2016-10-07,587365.5190460142
2016-10-08,757572.3054090362
2016-10-09,712304.3214362323
2016-10-10,823560.5563095665
2016-10-11,863096.0272752501
2016-10-12,675642.4837235255
2016-10-13,688417.0734423815
2016-10-14,817649.6591326152
2016-10-15,631526.2138211129
2016-10-16,465283.60108611477
2016-10-17,440995.4023082892
2016-10-18,493005.78270459524
2016-10-19,629268.8068876852
2016-10-20,611842.9328153528
2016-10-21,503634.191933634
2016-10-22,574198.9689502473
2016-10-23,652705.3216951797
2016-10-24,660590.9790535629
2016-10-25,707347.2421864582
2016-10-26,582402.5802954198
2016-10-27,652049.1491939948
2016-10-28,689801.9701864874
2016-10-29,653429.6942458078
2016-10-30,631786.3011697592
2016-10-31,925463.5544864747
2016-11-01,815982.9832122275
2016-11-02,855932.7502747145
2016-11-03,856421.3456880366
2016-11-04,917050.7961706158
2016-11-05,883672.6147329229
2016-11-06,931737.9122939953
2016-11-07,843292.7411248729
2016-11-08,664530.9749582098
2016-11-09,575106.3281213143
2016-11-10,544086.2139077833
2016-11-11,596203.9998557324
2016-11-12,698704.4344163113
2016-11-13,694036.0313820664
2016-11-14,784568.4648383859
2016-11-15,890839.1899211751
2016-11-16,967254.2176547756
2016-11-17,833935.7958209444
2016-11-18,721935.300378521
2016-11-19,683630.6373533336
2016-11-20,535085.4024011871
2016-11-21,382612.49255381693
2016-11-22,403315.3980065538
2016-11-23,420019.4334041801
2016-11-24,683273.3521909133
2016-11-25,705151.468628785
2016-11-26,619564.5016960038
2016-11-27,450018.68040390156
2016-11-28,575066.1240537859
2016-11-29,731189.0068717975
2016-11-30,756752.1670214853
2016-12-01,807618.9866217345
2016-12-02,834228.0259559079
2016-12-03,706984.3154455129
2016-12-04,697222.4994870131
2016-12-05,769918.219489655
2016-12-06,768172.997325555
2016-12-07,729692.7461280676
2016-12-08,657158.8060982188
2016-12-09,653737.6973223761
2016-12-10,659042.0714282289
2016-12-11,663598.1540406029
2016-12-12,769604.3558675388
2016-12-13,904553.8967631161
2016-12-14,697392.2340389371
2016-12-15,733719.9036907642
2016-12-16,746337.1595912732
2016-12-17,678206.2871525952
2016-12-18,835252.8827155664
2016-12-19,842854.8876031071
2016-12-20,808351.0753226579
2016-12-21,710079.9205725585
2016-12-22,741675.3713947707
2016-12-23,628523.311076951
2016-12-24,617495.8108225073
2016-12-25,463644.4277596525
2016-12-26,290840.9774084548
2016-12-27,387254.6536285992
2016-12-28,427117.24787277344
2016-12-29,406159.2889640957
2016-12-30,434552.2506921623
2016-12-31,448132.3427856904
2017-01-01,437455.64634944807
2017-01-02,296685.5291989039
2017-01-03,433390.94193363446
2017-01-04,396316.6653856948
2017-01-05,212616.7688744223
2017-01-06,297836.6777838842
2017-01-07,347926.52355906816
2017-01-08,354518.1580370774
2017-01-09,295526.73725430423
2017-01-10,433815.7531784254
2017-01-11,461550.854602605
2017-01-12,453906.07444121974
2017-01-13,514820.5706531066
2017-01-14,504790.59364773444
2017-01-15,625745.1733689673
2017-01-16,513864.1922468995
2017-01-17,437568.90814493794
2017-01-18,407041.8132312854
2017-01-19,558487.933329141
2017-01-20,653641.3924547948
2017-01-21,507682.17643092386
2017-01-22,449547.00172583014
2017-01-23,442946.43472724187
2017-01-24,307922.73436189815
2017-01-25,292151.49354913976
2017-01-26,439339.6003306303
2017-01-27,715057.3641561675
2017-01-28,727597.1328819365
2017-01-29,592418.5074125511
2017-01-30,640475.7136883624
2017-01-31,712356.1254820327
2017-02-01,822648.3454442732
2017-02-02,890718.929012636
2017-02-03,954780.299584291
2017-02-04,800582.8890091546
2017-02-05,844309.8155726825
2017-02-06,850157.4072519029
2017-02-07,850600.8167015865
2017-02-08,770558.4124192711
2017-02-09,789477.7902134678
2017-02-10,818087.1927901593
2017-02-11,663694.4730757526
2017-02-12,593000.6917868942
2017-02-13,543570.8832440935
2017-02-14,488262.97946583474
2017-02-15,835658.5453127947
2017-02-16,766019.3769304841
2017-02-17,638300.3697239945
2017-02-18,599253.9160380916
2017-02-19,600429.6138605472
2017-02-20,593527.3685516218
2017-02-21,614804.470010395
2017-02-22,587345.5760586162
2017-02-23,468734.0871248873
2017-02-24,501666.8702539236
2017-02-25,588067.0123449406
2017-02-26,639118.4324110684
2017-02-27,668216.0516556198
2017-02-28,767921.4383604024
2017-03-01,809791.2851053426
2017-03-02,644440.0506497748
2017-03-03,841445.8825103773
2017-03-04,789178.7764472318
2017-03-05,753098.2911725508
2017-03-06,629460.2024472037
2017-03-07,635661.0637716524
2017-03-08,567481.2516392312
2017-03-09,569655.6379952554
2017-03-10,546977.0130707419
2017-03-11,635066.9981470293
2017-03-12,726063.5164837175
2017-03-13,727274.3259191767
2017-03-14,775547.577775062
2017-03-15,751875.045738123
2017-03-16,537117.3573771054
2017-03-17,574459.2450603534
2017-03-18,618031.1662482837
2017-03-19,453966.8714243813
2017-03-20,510711.52512241434
2017-03-21,418162.46556360263
2017-03-22,660092.1636743257
2017-03-23,830528.6167582427
2017-03-24,733127.9666731601
2017-03-25,712497.1516098361
2017-03-26,890840.9828599098
2017-03-27,828691.014149347
2017-03-28,713131.114620131
2017-03-29,706544.8213882353
2017-03-30,570928.1036481987
2017-03-31,544995.3323533122
2017-04-01,475550.7413792872
2017-04-02,561021.6530702016
2017-04-03,635375.8810281364
2017-04-04,492318.18777100986
2017-04-05,448861.65208018816
2017-04-06,354776.8866237001
2017-04-07,317817.40613533056
2017-04-08,442452.13848537265
2017-04-09,385549.9116828287
2017-04-10,522298.85443507764
2017-04-11,537431.6987588375
2017-04-12,710333.5188647998
2017-04-13,627134.3796935324
2017-04-14,622743.6602262789
2017-04-15,668481.3648539302
2017-04-16,724984.9282370227
2017-04-17,717551.4440584142
2017-04-18,670304.7030010449
2017-04-19,766492.4290355954
2017-04-20,703742.8371794613
2017-04-21,750464.531650566
2017-04-22,557709.9224095714
2017-04-23,595133.4584231556
2017-04-24,576434.39105364
2017-04-25,581096.1805303156
2017-04-26,537728.2494116753
2017-04-27,528608.7116902092
2017-04-28,546387.2369354125
2017-04-29,658361.3548819983
2017-04-30,483369.4113318481
2017-05-01,555246.8138469153
2017-05-02,559217.3460852433
2017-05-03,607377.5236744122
2017-05-04,538215.0288845418
2017-05-05,533030.007556454
2017-05-06,363796.3350668942
2017-05-07,516980.0797822919
2017-05-08,623036.5504606534
2017-05-09,693082.870401036
2017-05-10,830310.2518624918
2017-05-11,747019.7218220697
2017-05-12,700633.6210332871
2017-05-13,704230.3250727828
2017-05-14,774118.3140532495
2017-05-15,485495.52293843345
2017-05-16,586944.6083592584
2017-05-17,590662.5576753671
2017-05-18,589674.1700836178
2017-05-19,558716.9391707433
2017-05-20,586322.2065895485
2017-05-21,633229.8247048713
2017-05-22,724221.8959310865
2017-05-23,741342.6666724224
2017-05-24,780875.1011875964
2017-05-25,634305.2402998678
2017-05-26,520446.4896135661
2017-05-27,626163.0493274016
2017-05-28,463749.0566563754
2017-05-29,651767.2401621183
2017-05-30,712087.4757552781
2017-05-31,521441.61751633725
2017-06-01,471367.64492872416
2017-06-02,449893.0739542524
2017-06-03,286053.43582030357
2017-06-04,342111.19445322274
2017-06-05,288936.09446969343
2017-06-06,380376.2703098473
2017-06-07,330119.4154172257
2017-06-08,446626.4383852585
2017-06-09,453311.0751430695
2017-06-10,530097.6479392467
2017-06-11,482949.56023179414
2017-06-12,571596.1898843552
2017-06-13,689399.167035616
2017-06-14,677300.1074532077
2017-06-15,645065.0543757797
2017-06-16,604892.3458926873
2017-06-17,536410.4763358001
2017-06-18,655268.7399880385
2017-06-19,685194.8016019741
2017-06-20,775732.7796393754
2017-06-21,708107.8816949169
2017-06-22,599052.6429423508
2017-06-23,550981.0862284923
2017-06-24,384965.94556139526
2017-06-25,443572.4977888712
2017-06-26,155412.46700920362
2017-06-27,343200.29642590246
2017-06-28,359118.6274139496
2017-06-29,312818.8884777786
2017-06-30,455582.7800304926
2017-07-01,355436.7158111782
2017-07-02,532370.3394006788
2017-07-03,467794.8084035173
2017-07-04,450722.08819193323
2017-07-05,514677.77394339186
2017-07-06,478269.1249192797
2017-07-07,459993.56569627236
2017-07-08,458818.91693477053
2017-07-09,183839.75643719465
2017-07-10,427788.0611956584
2017-07-11,419350.23908812134
2017-07-12,442155.2037210885
2017-07-13,566583.4736565038
2017-07-14,500251.7828984086
2017-07-15,639229.2222865238
2017-07-16,498447.36926672136
2017-07-17,677000.7191231435
2017-07-18,636420.8963573476
2017-07-19,479211.64278453717
2017-07-20,441160.49373230594
2017-07-21,474275.6247962309
2017-07-22,613184.9994465981
2017-07-23,600106.8206343782
2017-07-24,620883.89279088
2017-07-25,661836.9026826927
2017-07-26,435935.3378812417
2017-07-27,418729.526587873
2017-07-28,498750.42918176606
2017-07-29,552863.7147908191
2017-07-30,482197.5420611812
2017-07-31,514235.49938294425
2017-08-01,573574.0575851531
2017-08-02,599401.262216527
2017-08-03,495114.5262012809
2017-08-04,393597.0680841303
2017-08-05,385609.614515053
2017-08-06,445215.16337156226
2017-08-07,563067.3181473009
2017-08-08,492358.6039512473
2017-08-09,576238.3938919763
2017-08-10,450878.22780634323
2017-08-11,453093.9330637401
2017-08-12,467742.3315889778
2017-08-13,568537.4652763678
2017-08-14,563697.5920485156
2017-08-15,592169.7268156981
2017-08-16,717157.0161981987
2017-08-17,600592.629546744
2017-08-18,498585.3287082521
2017-08-19,497424.1947349446
2017-08-20,450259.5784862087
2017-08-21,470691.04113661614
2017-08-22,515626.63159767544
2017-08-23,507352.4272311996
2017-08-24,519574.5237439022
2017-08-25,373641.36538838677
2017-08-26,319925.91690687626
2017-08-27,341422.34526420216
2017-08-28,178173.5546993459
2017-08-29,421694.52895845
2017-08-30,464667.45553309156
2017-08-31,495951.44632202305
2017-09-01,447903.6257431324
2017-09-02,409847.8820216772
2017-09-03,517449.87052881235
2017-09-04,382866.4072334429
2017-09-05,325600.0125493696
2017-09-06,457428.6484339361
2017-09-07,278326.0382148864
2017-09-08,478141.2890653008
2017-09-09,779890.4601079887
2017-09-10,670109.6624692417
2017-09-11,806961.8241784791
2017-09-12,826925.5611412528
2017-09-13,748072.0794054072
2017-09-14,798051.9800577622
2017-09-15,766712.6551609461
2017-09-16,932353.5004528727
2017-09-17,856893.5155672018
2017-09-18,917278.8343751612
2017-09-19,770556.6514761054
2017-09-20,676737.2866485481
2017-09-21,665563.6867875858
2017-09-22,489318.767018626
2017-09-23,498725.6260854699
2017-09-24,685437.2906864961
2017-09-25,571318.4533295435
2017-09-26,621908.0139851898
2017-09-27,691277.1111290086
2017-09-28,703699.4264407255
2017-09-29,711433.5242498204
2017-09-30,652225.4559831382
2017-10-01,663065.6941574559
2017-10-02,857731.910640019
2017-10-03,770757.4196640218
2017-10-04,639271.2651386707
2017-10-05,723197.2324986592
2017-10-06,716820.3946781652
2017-10-07,835418.0899260454
2017-10-08,727556.1252676151
2017-10-09,760233.5082238573
2017-10-10,830649.7335958427
2017-10-11,881531.3576479941
2017-10-12,968969.464306003
2017-10-13,1050328.772830467
2017-10-14,1077777.6681619815
2017-10-15,862189.1489430743
2017-10-16,876496.905600094
2017-10-17,767418.6082339387
2017-10-18,847974.689804723
2017-10-19,840654.905559453
2017-10-20,953019.6331053257
2017-10-21,801523.242604309
2017-10-22,854157.1312106871
2017-10-23,770326.3791560242
2017-10-24,664803.8772622561
2017-10-25,567189.1144188979
2017-10-26,587243.4607863498
2017-10-27,754447.9059491877
2017-10-28,690074.6279052966
2017-10-29,684106.1849279901
2017-10-30,695506.27544102
2017-10-31,677075.9068516655
2017-11-01,803862.2351253268
2017-11-02,798499.4697888887
2017-11-03,948170.4173148428
2017-11-04,1105958.9425501327
2017-11-05,1017727.2415251085
2017-11-06,1015457.7499385487
2017-11-07,974308.6524114264
2017-11-08,855554.8599913807
2017-11-09,744310.6807073758
2017-11-10,650027.0432675455
2017-11-11,638329.8316539886
2017-11-12,630143.4355033936
2017-11-13,757257.6619851803
2017-11-14,985392.3398403345
2017-11-15,957935.4086420313
2017-11-16,838980.8893272356
2017-11-17,726846.1489789449
2017-11-18,650558.702034319
2017-11-19,719207.2366594331
2017-11-20,590620.5313563535
2017-11-21,743376.56821521
2017-11-22,684628.1309366398
2017-11-23,596213.6826512804
2017-11-24,578293.9474833758
2017-11-25,592020.7259802026
2017-11-26,668153.5181546545
2017-11-27,858008.3020144838
2017-11-28,873631.4851194943
2017-11-29,914875.4426156178
2017-11-30,712520.3694448578
2017-12-01,591954.7608546831
2017-12-02,684950.3091147668
2017-12-03,725162.4757771017
2017-12-04,734325.5038002979
2017-12-05,589975.6586195154
2017-12-06,582048.2837932515
2017-12-07,735704.1893248876
2017-12-08,672991.778180406
2017-12-09,721142.3198378774
2017-12-10,706745.7186407287
2017-12-11,717703.3711061021
2017-12-12,895155.1124254763
2017-12-13,714884.2500622583
2017-12-14,846122.5484884436
2017-12-15,852488.0776453754
2017-12-16,763121.7916685338
2017-12-17,672857.3737520736
2017-12-18,724957.7649766261
2017-12-19,688152.4996772619
2017-12-20,795602.4264304892
2017-12-21,723990.1206351024
2017-12-22,670473.3863793033
2017-12-23,606813.0045560963
2017-12-24,528453.1969360362
2017-12-25,643031.5722073771
2017-12-26,885418.298158467
2017-12-27,937572.0493302295
2017-12-28,876099.3239528587
2017-12-29,994316.8336015095
2017-12-30,962494.5426827462
2017-12-31,941189.2825097545
2018-01-01,806737.4209962406
2018-01-02,719976.1893659487
2018-01-03,783621.24384399
2018-01-04,812538.6320703339
2018-01-05,646672.9400684306
2018-01-06,573452.1834998259
2018-01-07,560779.1019236535
2018-01-08,425990.50183237914
2018-01-09,337731.5019502768
2018-01-10,425921.8842117657
2018-01-11,348329.525063536
2018-01-12,339778.10151000536
2018-01-13,342734.00856037665
2018-01-14,255122.42361586494
2018-01-15,376288.2900092987
2018-01-16,315647.92957632476
2018-01-17,336185.4524730542
2018-01-18,392479.7860018596
2018-01-19,233374.94478516554
2018-01-20,103117.41314190085
2018-01-21,143124.29928790202
2018-01-22,277010.64171381755
2018-01-23,278564.9793151649
2018-01-24,270192.5765985692
2018-01-25,273209.4234041241
2018-01-26,234505.04896195413
2018-01-27,422780.2473719937
2018-01-28,464892.64703483996
2018-01-29,514163.65406584716
2018-01-30,471272.73483593715
2018-01-31,406797.48775517446
2018-02-01,491373.27826927375
2018-02-02,469414.27211342065
2018-02-03,619653.236352358
2018-02-04,644799.185525454
2018-02-05,506457.9302346491
2018-02-06,383478.16845833196
2018-02-07,570637.7704815214
2018-02-08,481281.7459792352
2018-02-09,730029.225440124
2018-02-10,601027.7894627549
2018-02-11,554093.188424413
2018-02-12,415609.4420327899
2018-02-13,484305.1427996971
2018-02-14,320324.5431404804
2018-02-15,430645.43213005795
2018-02-16,519950.7666765564
2018-02-17,476579.9679627877
2018-02-18,473558.90070341254
2018-02-19,625278.4857297288
2018-02-20,603625.9557549722
2018-02-21,725292.2037000256
2018-02-22,837125.370350472
2018-02-23,810583.2191990414
2018-02-24,689663.2367721598
2018-02-25,591011.8792723197
2018-02-26,615908.5706217657
2018-02-27,674615.5570990833
2018-02-28,555846.3332507837
2018-03-01,467647.42273995315
2018-03-02,627248.5041813799
2018-03-03,948491.6664353664
2018-03-04,1047654.1155909104
2018-03-05,1113107.261551737
2018-03-06,916476.3158325765
2018-03-07,929361.6720046306
2018-03-08,1048915.2751144266
2018-03-09,995321.7150724449
2018-03-10,1013463.9893244517
2018-03-11,1145759.6845945348
2018-03-12,921763.0775121616
2018-03-13,834597.7939994831
2018-03-14,798063.5730282272
2018-03-15,842771.2798099576
2018-03-16,733334.8059310189
2018-03-17,652115.872810901
2018-03-18,766717.5615196312
2018-03-19,781801.9857023186
2018-03-20,685361.0282919338
2018-03-21,612075.5076437169
2018-03-22,629310.5561770186
2018-03-23,779868.352747061
2018-03-24,799204.9940481435
2018-03-25,837963.3066012822
2018-03-26,697816.5718844302
2018-03-27,799344.4856503354
2018-03-28,560499.5895159484
2018-03-29,670657.1532149293
2018-03-30,617231.8017394519
2018-03-31,703132.1688766134
2018-04-01,700113.0128853747
2018-04-02,540551.9509703252
2018-04-03,613462.3137656162
2018-04-04,649178.6932552458
2018-04-05,629586.6966273611
2018-04-06,784451.0465151864
2018-04-07,954306.799033437
2018-04-08,1025923.5604560085
2018-04-09,890802.5999939599
2018-04-10,994775.5891772397
2018-04-11,841581.5461808922
2018-04-12,916889.6730162413
2018-04-13,640382.154398022
2018-04-14,697165.2535880575
2018-04-15,785235.8117895585
2018-04-16,767184.6332510344
2018-04-17,908955.918896314
2018-04-18,867400.2273431909
2018-04-19,857817.1246074303
2018-04-20,1100357.5644459028
2018-04-21,1059252.9051969568
2018-04-22,956775.2957009722
2018-04-23,794551.2026300619
2018-04-24,732779.8671743831
2018-04-25,646328.4048277888
2018-04-26,613126.6639477224
2018-04-27,407172.8938613196
2018-04-28,336506.7325412861
2018-04-29,554945.07062147
2018-04-30,454219.82944148406
2018-05-01,363972.51402563846
2018-05-02,101863.9141505044
2018-05-03,158716.1730012073
2018-05-04,226571.5175122402
2018-05-05,366798.00899270875
2018-05-06,505606.24154366204
2018-05-07,469859.8988011202
2018-05-08,510055.438787424
2018-05-09,523348.36122811027
2018-05-10,536358.9841524573
2018-05-11,627707.4533995624
2018-05-12,578267.217123631
2018-05-13,604654.3394976427
2018-05-14,672519.0476180697
2018-05-15,802829.6078888891
2018-05-16,735586.0431720652
2018-05-17,495743.1890787458
2018-05-18,582249.1177526683
2018-05-19,588386.1427304415
2018-05-20,709089.292859087
2018-05-21,585877.7208781452
2018-05-22,583515.8992257294
2018-05-23,489296.07110820926
2018-05-24,601697.1424920944
2018-05-25,726405.5307060438
2018-05-26,693723.3162811835
2018-05-27,627889.0537007996
2018-05-28,604051.0913756138
2018-05-29,563222.5548406396
2018-05-30,413215.05748557905
2018-05-31,365659.3384476425
2018-06-01,310103.59823967057
2018-06-02,462230.56085191877
2018-06-03,467271.6189505619
2018-06-04,341713.35673503357
2018-06-05,422055.5707948284
2018-06-06,404315.45157011494
2018-06-07,536905.3191437742
2018-06-08,446905.09670451516
2018-06-09,425194.1297005166
2018-06-10,493206.8193019011
2018-06-11,367369.329460129
2018-06-12,557755.8558182073
2018-06-13,829705.3427869444
2018-06-14,615767.6502701789
2018-06-15,595901.8380139117
2018-06-16,458321.50659898017
2018-06-17,323470.22921194136
2018-06-18,413163.47402640036
2018-06-19,460177.1663312482
2018-06-20,365642.32965915895
2018-06-21,360482.08709125395
2018-06-22,413990.31694681174
2018-06-23,433309.90659190196
2018-06-24,304844.9251331457
2018-06-25,374668.56862991437
2018-06-26,389173.12421616574
2018-06-27,270292.346009101
2018-06-28,510801.4683914491
2018-06-29,627238.2187850184
2018-06-30,496780.08583746915
2018-07-01,634412.9137282447
2018-07-02,667409.9894003551
2018-07-03,674340.534452286
2018-07-04,841429.1808848259
2018-07-05,760361.7992725823
2018-07-06,578128.2947467637
2018-07-07,575664.194104978
2018-07-08,695175.0373570257
2018-07-09,656873.5517895431
2018-07-10,682994.958201785
2018-07-11,675338.2055327968
2018-07-12,512604.18965323543
2018-07-13,597612.5055285463
2018-07-14,608035.731784997
2018-07-15,689339.9420328062
2018-07-16,741072.6339591692
2018-07-17,918725.5544606944
2018-07-18,1012463.8447873667
2018-07-19,1034870.8640995596
2018-07-20,1140637.0958160427
2018-07-21,1030577.3935542605
2018-07-22,852721.258393097
2018-07-23,668070.7992853681
2018-07-24,664706.4184752704
2018-07-25,653730.8245309978
2018-07-26,600278.6168753876
2018-07-27,715237.494022638
2018-07-28,611184.7400289018
2018-07-29,485643.3607001612
2018-07-30,477728.35380987835
2018-07-31,628363.1507126859
2018-08-01,665755.7119244075
2018-08-02,694423.6472921158
2018-08-03,725321.7639996237
2018-08-04,644588.2112944652
2018-08-05,714153.3255514482
2018-08-06,601384.344510386
2018-08-07,772360.3951060331
2018-08-08,769625.1978745054
2018-08-09,641018.9824551236
2018-08-10,589837.1267101106
2018-08-11,425157.8414245398
2018-08-12,442322.93137917534
2018-08-13,453954.43719794275
2018-08-14,281493.9739983548
2018-08-15,239643.04624774418
2018-08-16,434496.83982461167
2018-08-17,544022.3370350648
2018-08-18,689162.3832544411
2018-08-19,688675.3773807894
2018-08-20,813578.009349239
2018-08-21,871967.6669963556
2018-08-22,743917.2574090068
2018-08-23,708500.8442587105
2018-08-24,645018.4249240197
2018-08-25,708365.0732222123
2018-08-26,505486.9164064565
2018-08-27,441325.1882155936
2018-08-28,532111.639965593
2018-08-29,569918.51800633
2018-08-30,675368.7814710839
2018-08-31,776305.6200944453
2018-09-01,840444.8747200993
2018-09-02,1000371.3751713412
2018-09-03,861836.8011793073
2018-09-04,697945.4572455087
2018-09-05,809344.7952696212
2018-09-06,779270.1823634885
2018-09-07,732616.5739111851
2018-09-08,616510.0371019292
2018-09-09,568614.5255638955
2018-09-10,571544.272255678
2018-09-11,650454.7807310539
2018-09-12,602030.2008403046
2018-09-13,517707.10923529416
2018-09-14,444418.23469033005
2018-09-15,491429.2176356964
2018-09-16,453240.56836542196
2018-09-17,281956.2421746386
2018-09-18,381401.58614192833
2018-09-19,400153.4810795822
2018-09-20,623071.9653199791
2018-09-21,635327.3071974785
2018-09-22,498422.60013512714
2018-09-23,503435.07598511607
2018-09-24,558006.7270277404
2018-09-25,630669.8990400103
2018-09-26,650109.5147555971
2018-09-27,616299.042213987
2018-09-28,629003.4329428471
2018-09-29,592448.2600068927
2018-09-30,520865.2464008019
2018-10-01,607537.2512964449
2018-10-02,543060.7951475887
2018-10-03,531584.2200400691
2018-10-04,683592.5236702566
2018-10-05,687621.3899521589
2018-10-06,694826.5969676707
2018-10-07,778655.4168275457
2018-10-08,856272.6929108996
2018-10-09,755002.848014844
2018-10-10,636184.6727377638
2018-10-11,631600.0991210127
2018-10-12,674876.3872821123
2018-10-13,900450.6676230391
2018-10-14,925638.367960969
2018-10-15,1121663.2300393425
2018-10-16,899012.6831912411
2018-10-17,948709.1129189307
2018-10-18,724008.1924775913
2018-10-19,657387.3667365387
2018-10-20,602908.7040708765
2018-10-21,628543.0505926999
2018-10-22,721320.0241728514
2018-10-23,716246.5555844562
2018-10-24,674292.7160340184
2018-10-25,884692.0190245821
2018-10-26,976242.3913474325
2018-10-27,898151.4105475179
2018-10-28,833978.4583838007
2018-10-29,911735.9895812024
2018-10-30,887765.1133518969
2018-10-31,921143.3339877888
2018-11-01,764610.1909515072
2018-11-02,661526.0613524269
2018-11-03,534386.2458289932
2018-11-04,510466.6852126963
2018-11-05,422647.833810312
2018-11-06,305758.84629270807
2018-11-07,277454.2350712521
2018-11-08,438476.0567566046
2018-11-09,493450.21831801254
2018-11-10,445653.0436054429
2018-11-11,533570.8996677243
2018-11-12,442290.6845077974
2018-11-13,471332.3657702744
2018-11-14,503292.41004639165
2018-11-15,626622.4520285462
2018-11-16,582189.7571644749
2018-11-17,474105.85446459206
2018-11-18,516434.0487453106
2018-11-19,491748.8081984195
2018-11-20,612043.6800859973
2018-11-21,597832.4837538084
2018-11-22,758224.6013006485
2018-11-23,654621.6708187647
2018-11-24,580395.2022313934
2018-11-25,624603.9927609845
2018-11-26,536732.9808653385
2018-11-27,502646.68862602994
2018-11-28,534189.0857075427
2018-11-29,516764.95060139644
2018-11-30,582123.1302807432
2018-12-01,301080.0393007308
2018-12-02,533707.6165158
2018-12-03,518637.80541116925
2018-12-04,580110.4439632881
2018-12-05,542490.6343859922
2018-12-06,470758.13295176474
2018-12-07,479484.1091409907
2018-12-08,474581.0521459941
2018-12-09,361833.65146007156
2018-12-10,349730.58518756815
2018-12-11,502140.9543662747
2018-12-12,560851.9550461299
2018-12-13,372691.98203288234
2018-12-14,409600.1462160421
2018-12-15,536626.8841354984
2018-12-16,628254.4592062029
2018-12-17,843414.0138106247
2018-12-18,887181.395312963
2018-12-19,1050616.455121909
2018-12-20,1054364.6732688784
2018-12-21,990056.9295481578
2018-12-22,1064382.374816771
2018-12-23,1028799.4183515022
2018-12-24,1005630.1416496066
2018-12-25,645662.7714564475
2018-12-26,583365.5413587133
2018-12-27,491490.68972440803
2018-12-28,618821.8032476363
2018-12-29,630588.3633089692
2018-12-30,557017.4089031313
2018-12-31,612220.5583915071
2019-01-01,584261.7062943544
2019-01-02,709112.0364443092
2019-01-03,665811.162637998
2019-01-04,470898.68042415497
2019-01-05,642702.717573726
2019-01-06,652625.4364110007
2019-01-07,881250.7558660323
2019-01-08,830422.7716566687
2019-01-09,679905.4863656227
2019-01-10,779160.6347855495
2019-01-11,750099.183546595
2019-01-12,834231.7573103472
2019-01-13,618713.8893420632
2019-01-14,589702.5381190823
2019-01-15,514147.380107534
2019-01-16,634387.7097935696
2019-01-17,559147.8540589025
2019-01-18,507617.9958961781
2019-01-19,535157.277692874
2019-01-20,632679.4874053098
2019-01-21,564013.3077053806
2019-01-22,579527.0164322365
2019-01-23,541060.2029357532
2019-01-24,356393.53764155466
2019-01-25,425694.5277908923
2019-01-26,306880.4632395837
2019-01-27,451490.3967660189
2019-01-28,553578.2718378545
2019-01-29,603923.7738503632
2019-01-30,543992.5396278995
2019-01-31,558207.161083007
2019-02-01,643128.3833217202
2019-02-02,533053.3704088824
2019-02-03,616653.9782086493
2019-02-04,637182.5186380986
2019-02-05,530413.6235381474
2019-02-06,619075.4604816601
2019-02-07,503573.50027015567
2019-02-08,572992.1518914279
2019-02-09,576218.0175158844
2019-02-10,479583.7410084508
2019-02-11,308516.9942285623
2019-02-12,474744.4077952863
2019-02-13,404398.1507052734
2019-02-14,316502.1832977832
2019-02-15,338094.6307535453
2019-02-16,92468.7558425988
2019-02-17,164365.29920338822
2019-02-18,404708.81484896503
2019-02-19,541977.8310786323
2019-02-20,580272.0524555843
2019-02-21,698773.0913465132
2019-02-22,597184.166475332
2019-02-23,529414.0847398012
2019-02-24,622753.5085321107
2019-02-25,648476.7882699347
2019-02-26,526959.4937585387
2019-02-27,547669.4196644305
2019-02-28,572705.0262388007
2019-03-01,579565.8569730016
2019-03-02,524419.6187745187
2019-03-03,492193.82647893904
2019-03-04,394456.0249362268
2019-03-05,430573.76126956847
2019-03-06,558499.7010555806
2019-03-07,595263.072102127
2019-03-08,708925.4170166932
2019-03-09,882026.524418715
2019-03-10,753695.7686844189
2019-03-11,669792.7352160022
2019-03-12,507993.6358957764
2019-03-13,510914.54861066036
2019-03-14,640113.9369015065
2019-03-15,603854.3390549597
2019-03-16,596632.7725933784
2019-03-17,675666.3576518839
2019-03-18,642566.6583605418
2019-03-19,741731.6815489299
2019-03-20,806995.7471798864
2019-03-21,856503.2523481809
2019-03-22,864022.8164819188
2019-03-23,677232.8093230409
2019-03-24,741558.3827540164
2019-03-25,671888.5626381711
2019-03-26,781079.069470939
2019-03-27,775735.123821883
2019-03-28,716754.6380639267
2019-03-29,713172.4030248184
2019-03-30,674953.2896901573
2019-03-31,745203.0133035312
2019-04-01,756451.0172787398
2019-04-02,834368.1223015301
2019-04-03,833137.2281849752
2019-04-04,899795.0217257271
2019-04-05,825039.4430706808
2019-04-06,846259.246561208
2019-04-07,941258.2893221872
2019-04-08,895544.6092128772
2019-04-09,1068692.856850862
2019-04-10,1107404.7770718755
2019-04-11,1009278.4427384955
2019-04-12,886193.4530080999
2019-04-13,797877.4354420711
2019-04-14,758968.7877754763
2019-04-15,673507.796253779
2019-04-16,523836.72890189366
2019-04-17,387974.97877826344
2019-04-18,418099.43137606524
2019-04-19,384771.94554192864
2019-04-20,463685.7312717469
2019-04-21,559169.4937317297
2019-04-22,375353.6984984747
2019-04-23,495436.22019977664
2019-04-24,434045.1537710342
2019-04-25,382511.3516120801
2019-04-26,363948.3358179487
2019-04-27,347090.10405611363
2019-04-28,618694.8657036655
2019-04-29,545310.7110127711
2019-04-30,563744.0052852931
2019-05-01,372296.044258143
2019-05-02,373336.0517162248
2019-05-03,373207.2273437636
2019-05-04,368898.978589893
2019-05-05,554024.6657197177
2019-05-06,418457.7134104294
2019-05-07,466339.6060025953
2019-05-08,433208.95457183896
2019-05-09,498817.4379159738
2019-05-10,577559.6815711161
2019-05-11,615608.833751698
2019-05-12,779422.2375467478
2019-05-13,792452.8278760848
2019-05-14,826136.8804160373
2019-05-15,668653.6761773091
2019-05-16,674358.7850205789
2019-05-17,650051.7513078684
2019-05-18,575573.9989643537
2019-05-19,642880.5560048582
2019-05-20,698236.6386182731
2019-05-21,632858.8926933709
2019-05-22,783423.3711630009
2019-05-23,850481.6265954965
2019-05-24,703708.7977290654
2019-05-25,791881.2966544712
2019-05-26,818335.04097364
2019-05-27,827751.7303991206
2019-05-28,704686.2158671373
2019-05-29,630535.8046629046
2019-05-30,651711.8841003433
2019-05-31,730274.0144734551
2019-06-01,636930.9121049517
2019-06-02,535798.9107961119
2019-06-03,779479.1873100979
2019-06-04,831638.9818629806
2019-06-05,716542.0376519687
2019-06-06,739620.4785535838
2019-06-07,741265.6949492177
2019-06-08,592414.2349235167
2019-06-09,473893.77892744954
2019-06-10,442671.9208641597
2019-06-11,390105.76746376173
2019-06-12,579675.7686800078
2019-06-13,393198.691363005
2019-06-14,532886.7776588904
2019-06-15,663902.2546874133
2019-06-16,563134.4346331476
2019-06-17,595347.321751909
2019-06-18,548381.2281890297
2019-06-19,469370.9192134476
2019-06-20,574149.1466807937
2019-06-21,414578.5593925315
2019-06-22,541865.226074244
2019-06-23,481308.6806974616
2019-06-24,441135.8516945591
2019-06-25,395791.8427712537
2019-06-26,417619.37648626906
2019-06-27,489282.92401659273
2019-06-28,501652.9467934695
2019-06-29,543259.0086980343
2019-06-30,661220.893205733
2019-07-01,625225.4377566141
2019-07-02,714984.4027812743
2019-07-03,661699.025631303
2019-07-04,610609.0441079064
2019-07-05,603317.0912062981
2019-07-06,632591.1716445513
2019-07-07,541928.3352349257
2019-07-08,593652.2767153282
2019-07-09,618367.2087352534
2019-07-10,576571.7446115866
2019-07-11,661691.3609646058
2019-07-12,378676.8411908888
2019-07-13,560533.6976812935
2019-07-14,489239.99434930435
2019-07-15,711844.831978197
2019-07-16,706522.5806072764
2019-07-17,496920.38056670915
2019-07-18,602043.8064139326
2019-07-19,598645.6950314824
2019-07-20,626503.175107901
2019-07-21,632424.4828842328
2019-07-22,733023.2199677484
2019-07-23,680992.7089524614
2019-07-24,777751.0690525718
2019-07-25,395829.23701054056
2019-07-26,313181.9565903423
2019-07-27,418961.23517944966
2019-07-28,228370.69797495712
2019-07-29,263503.5381472593
2019-07-30,303519.26325400925
2019-07-31,299521.38945657545
2019-08-01,374607.12430414103
2019-08-02,402176.8025810096
2019-08-03,459066.7961600336
2019-08-04,347026.1775089088
2019-08-05,227418.02067780704
2019-08-06,341415.81935538544
2019-08-07,257017.86040475446
2019-08-08,307384.6960991096
2019-08-09,445951.8517311936
2019-08-10,673618.6791570318
2019-08-11,604019.2601173972
2019-08-12,713306.1762472474
2019-08-13,684945.8715525338
2019-08-14,438258.34727312316
2019-08-15,491583.1127035906
2019-08-16,518190.336260215
2019-08-17,383956.86105156015
2019-08-18,447613.3784301558
2019-08-19,336552.63662709284
2019-08-20,398032.09481180075
2019-08-21,420853.30148261745
2019-08-22,484453.48053231835
2019-08-23,389067.4608496444
2019-08-24,611567.017214849
2019-08-25,556003.0282554609
2019-08-26,539410.0956794623
2019-08-27,647632.2176595032
2019-08-28,749119.3844105715
2019-08-29,864703.5986090557
2019-08-30,788857.6728516693
2019-08-31,762864.6563488522
2019-09-01,684545.7050021932
2019-09-02,725293.4722013773
2019-09-03,882335.636023845
2019-09-04,845758.7970804815
2019-09-05,758228.4144227739
2019-09-06,700525.103443191
2019-09-07,519690.7703714329
2019-09-08,671476.8913499804
2019-09-09,733682.0753283508
2019-09-10,526881.3506505673
2019-09-11,560598.016484385
2019-09-12,540331.0158878482
2019-09-13,571945.4354715716
2019-09-14,518575.92996159976
2019-09-15,393957.01095834293
2019-09-16,278647.4081913006
2019-09-17,535336.9485698289
2019-09-18,484370.6587379175
2019-09-19,540619.6479368745
2019-09-20,668132.2348878204
2019-09-21,778038.5094136364
2019-09-22,673948.3576407068
2019-09-23,762149.7052902451
2019-09-24,746019.1621864694
2019-09-25,685724.2546568853
2019-09-26,408300.05388943106
2019-09-27,346646.02478104853
2019-09-28,262443.1988533461
2019-09-29,137447.9858054538
2019-09-30,229253.04261232243
2019-10-01,397190.3923536179
2019-10-02,552839.5383663314
2019-10-03,521725.56002814
2019-10-04,535544.118657192
2019-10-05,544997.6425557558
2019-10-06,512014.88471734285
2019-10-07,352640.4602581415
2019-10-08,439493.7145779021
2019-10-09,513893.6824366231
2019-10-10,534606.8082755166
2019-10-11,554357.0655544474
2019-10-12,593173.2073876254
2019-10-13,672344.988484619
2019-10-14,715544.6554410374
2019-10-15,797960.8245863244
2019-10-16,697368.1068294764
2019-10-17,694894.0878056019
2019-10-18,555871.3258736082
2019-10-19,544044.2381842404
2019-10-20,505881.3167945433
2019-10-21,576546.7820242122
2019-10-22,597765.0962374071
2019-10-23,451698.443610284
2019-10-24,367219.42193073087
2019-10-25,528171.5332404631
2019-10-26,615794.944308828
2019-10-27,727925.2969293067
2019-10-28,568440.3872530241
2019-10-29,565826.726116062
2019-10-30,536947.3511984168
2019-10-31,527819.6486200786
2019-11-01,361927.095218654
2019-11-02,462356.76931023394
2019-11-03,401638.3373892115
2019-11-04,408405.47820185206
2019-11-05,345111.64735422446
2019-11-06,423601.37412364566
2019-11-07,362141.78128449427
2019-11-08,320888.5861773132
2019-11-09,300443.5530504014
2019-11-10,302235.49239424174
2019-11-11,206677.4004066505
2019-11-12,221382.41921849077
2019-11-13,103977.83106990828
2019-11-14,171489.5219546479
2019-11-15,128385.08741777501
2019-11-16,294854.332597548
2019-11-17,376911.6331761208
2019-11-18,410427.72456057055
2019-11-19,422014.3758093392
2019-11-20,328343.94686766976
2019-11-21,522576.2755500012
2019-11-22,562013.0596412971
2019-11-23,515159.82093316095
2019-11-24,590042.3284716607
2019-11-25,450073.97697271744
2019-11-26,363240.0146111706
2019-11-27,355038.1113400182
2019-11-28,410974.9354543157
2019-11-29,433219.7631005604
2019-11-30,445250.5178146869
2019-12-01,409289.1957493124
2019-12-02,510601.3103468514
2019-12-03,512244.5419766636
2019-12-04,332852.8722746898
2019-12-05,461472.2688871802
2019-12-06,501282.23101314553
2019-12-07,603705.912023526
2019-12-08,522088.0430505976
2019-12-09,427478.7231565288
2019-12-10,454238.4665772433
2019-12-11,427144.1747938147
2019-12-12,406825.8384715198
2019-12-13,403738.2400523642
2019-12-14,250619.58699742047
2019-12-15,236262.46149044845
2019-12-16,195246.5404696045
2019-12-17,368451.6358381456
2019-12-18,539230.9268788283
2019-12-19,478015.49954360543
2019-12-20,530400.722540845
2019-12-21,595623.3384202084
2019-12-22,582225.2680972836
2019-12-23,460466.53892480955
2019-12-24,445101.2027874824
2019-12-25,215330.16501025856
2019-12-26,210613.10888468026
2019-12-27,317324.74352787726
2019-12-28,299043.2740446217
2019-12-29,401416.1624322216
2019-12-30,306362.2607410401
2019-12-31,304572.820494812
2020-01-01,401556.52229893254
2020-01-02,483609.60446027236
2020-01-03,564172.5532809427
2020-01-04,578986.6165948192
2020-01-05,449222.7700840201
2020-01-06,331135.18086702505
2020-01-07,400112.4015996712
2020-01-08,303001.6777322597
2020-01-09,485712.0661575872
2020-01-10,501660.8481109024
2020-01-11,504262.0291969738
2020-01-12,771051.5733830924
2020-01-13,738805.1224393619
2020-01-14,763795.2645026982
2020-01-15,621914.8506278782
2020-01-16,401564.6519372435
2020-01-17,487924.40290325443
2020-01-18,531964.2163936441
2020-01-19,580391.9975912835
2020-01-20,550216.3342799238
2020-01-21,460519.04304337595
2020-01-22,331908.1993544787
2020-01-23,598453.3745490316
2020-01-24,740892.7266647525
2020-01-25,744341.5845562668
2020-01-26,665487.624071612
2020-01-27,696444.9480950298
2020-01-28,639585.3065130588
2020-01-29,620351.1295850152
2020-01-30,727840.0060768924
2020-01-31,780596.871443858
2020-02-01,726905.3125379544
2020-02-02,642897.2104621078
2020-02-03,421212.7228596553
2020-02-04,493402.9850653921
2020-02-05,692847.16556774
2020-02-06,766768.5823077783
2020-02-07,797365.1283331331
2020-02-08,736189.6253473187
2020-02-09,611585.4335893445
2020-02-10,618763.8028721958
2020-02-11,550662.0401017237
2020-02-12,590840.0175813655
2020-02-13,580320.0374752707
2020-02-14,686539.44279778
2020-02-15,543826.8935869399
2020-02-16,392541.8010907473
2020-02-17,480347.3712142739
2020-02-18,604997.4057779772
2020-02-19,638243.0846178918
2020-02-20,591947.321505308
2020-02-21,414705.3483299052
2020-02-22,218994.2581474448
2020-02-23,299976.5891905183
2020-02-24,392834.2692219686
2020-02-25,478257.4031156337
2020-02-26,515959.3826556269
2020-02-27,483932.0014024984
2020-02-28,538466.3186229226
2020-02-29,459786.56671959325
2020-03-01,374561.77039521316
2020-03-02,359145.55933125084
2020-03-03,349751.4856497474
2020-03-04,233911.9920170504
2020-03-05,436907.37207419507
2020-03-06,472853.197964265
2020-03-07,552184.6824326226
2020-03-08,545180.1728568658
2020-03-09,635590.3548280011
2020-03-10,560560.0468057082
2020-03-11,415427.2296109316
2020-03-12,429026.06650363456
2020-03-13,365780.1860504682
2020-03-14,453210.54045674927
2020-03-15,598597.6292353637
2020-03-16,455890.981238319
2020-03-17,417969.21562399354
2020-03-18,629503.6915816844
2020-03-19,510371.2209122526
2020-03-20,357758.41171559884
2020-03-21,312550.8919334713
2020-03-22,263635.29337940936
2020-03-23,265032.0662905468
2020-03-24,273790.5207372512
2020-03-25,234095.98207306123
2020-03-26,285126.9625744363
2020-03-27,347383.9196201667
2020-03-28,299020.0571643081
2020-03-29,74572.97707376
2020-03-30,23972.252271286678
2020-03-31,252448.36614434904
2020-04-01,311993.97691485856
2020-04-02,409779.0810956198
2020-04-03,369234.17610808637
2020-04-04,431566.28515284765
2020-04-05,467550.18147474003
2020-04-06,538650.7993501638
2020-04-07,536054.560512211
2020-04-08,565360.2159047744
2020-04-09,643627.6509475113
2020-04-10,456393.5043781762
2020-04-11,538083.7449799833
2020-04-12,506454.41888986964
2020-04-13,496986.2839654333
2020-04-14,578822.488036725
2020-04-15,395624.5966398037
2020-04-16,422388.65072591207
2020-04-17,446131.6747569829
2020-04-18,412557.4466356131
2020-04-19,529280.5308796517
2020-04-20,526767.396082985
2020-04-21,319404.1898980256
2020-04-22,518750.3503605185
2020-04-23,506348.3270684765
2020-04-24,556663.85457787
2020-04-25,393556.14463772683
2020-04-26,318266.90690149006
2020-04-27,344178.1370106044
2020-04-28,449190.49915009865
2020-04-29,528233.1607454831
2020-04-30,670925.6022626609
2020-05-01,773098.5236098741
2020-05-02,791247.8148382418
2020-05-03,729893.6543401366
2020-05-04,613306.9825376894
2020-05-05,549384.8886629514
2020-05-06,679337.1425079529
2020-05-07,481924.71009794425
2020-05-08,448394.2866944195
2020-05-09,512548.3710632591
2020-05-10,421214.9832659266
2020-05-11,459978.44285480794
2020-05-12,616497.8787681116
2020-05-13,581685.7955509521
2020-05-14,525855.7872560843
2020-05-15,519593.3606292688
2020-05-16,581678.4086687319
2020-05-17,655897.0973293831
2020-05-18,578163.2329344571
2020-05-19,526833.7542241426
2020-05-20,671656.3777224948
2020-05-21,790932.5197253912
2020-05-22,871454.5735582367
2020-05-23,789052.9454431395
2020-05-24,674401.3053872364
2020-05-25,714400.5642360293
2020-05-26,741445.7255720611
2020-05-27,684708.9714400682
2020-05-28,676687.348889255
2020-05-29,594310.3953190714
2020-05-30,514259.32776929176
2020-05-31,286564.9267460148
2020-06-01,273266.6872500155
2020-06-02,262265.9092499128
2020-06-03,404862.77848646935
2020-06-04,568998.7720273937
2020-06-05,567354.1137761947
2020-06-06,572496.3985022731
2020-06-07,567196.1353480909
2020-06-08,560495.8627664788
2020-06-09,529733.7943661872
2020-06-10,419113.80354853213
2020-06-11,498690.8245242203
2020-06-12,572766.3884268849
2020-06-13,618873.8887669758
2020-06-14,552465.8666048965
2020-06-15,636425.953056653
2020-06-16,657445.7597054123
2020-06-17,412998.0826674547
2020-06-18,538523.6452407074
2020-06-19,619356.8971087456
2020-06-20,549157.0178014867
2020-06-21,744286.1133730545
2020-06-22,799442.2015740203
2020-06-23,739752.9320481822
2020-06-24,566935.7418046951
2020-06-25,413962.6872651479
2020-06-26,298030.99944239476
2020-06-27,158506.97806290246
2020-06-28,154107.422443363
2020-06-29,374885.9679775175
2020-06-30,357528.8105679385
2020-07-01,321093.32185906166
2020-07-02,355007.8934225749
2020-07-03,200263.37079480535
2020-07-04,281069.0792603513
2020-07-05,345242.93639357085
2020-07-06,431698.28510454315
2020-07-07,383544.48251206375
2020-07-08,257264.33065554907
2020-07-09,413224.54339159926
2020-07-10,284408.93428622617
2020-07-11,560247.6163677252
2020-07-12,603744.5882053637
2020-07-13,460505.00898139674
2020-07-14,593464.1236104935
2020-07-15,756525.7882985687
2020-07-16,688097.1074342738
2020-07-17,663603.3982500657
2020-07-18,625553.3044961229
2020-07-19,607099.1626154482
2020-07-20,639077.5688670967
2020-07-21,545303.2420503377
2020-07-22,533011.4040048786
2020-07-23,449972.40710389626
2020-07-24,498945.18041093595
2020-07-25,398476.713986009
2020-07-26,435995.24556964333
2020-07-27,253924.90559014858
2020-07-28,493107.17172613495
2020-07-29,552847.6959631266
2020-07-30,662942.6699564848
2020-07-31,787038.15570695
2020-08-01,749312.7238572845
2020-08-02,592807.2446121027
2020-08-03,711105.8590647961
2020-08-04,577632.3693903183
2020-08-05,659908.6587674107
2020-08-06,640483.6134434944
2020-08-07,431157.14398696204
2020-08-08,531168.9956370861
2020-08-09,509323.9281742932
2020-08-10,328034.1105665867
2020-08-11,374521.5238170111
2020-08-12,450812.0262138288
2020-08-13,571893.4842675764
2020-08-14,649893.3228507536
2020-08-15,564589.3952975988
2020-08-16,733656.8086193121
2020-08-17,732112.770291726
2020-08-18,754677.210974405
2020-08-19,782525.1546891076
2020-08-20,861513.4952705677
2020-08-21,685048.2976189409
2020-08-22,804669.3277567368
2020-08-23,698505.3845060675
2020-08-24,686499.8572770155
2020-08-25,511962.50001170195
2020-08-26,858732.2717286868
2020-08-27,820865.0109176288
2020-08-28,800388.1218987732
2020-08-29,770907.9508846698
2020-08-30,827382.7511906963
2020-08-31,824493.3876985115
2020-09-01,678866.0660393329
2020-09-02,596483.5435569583
2020-09-03,431132.8961272471
2020-09-04,494173.37212869665
2020-09-05,707732.9811528195
2020-09-06,800882.1941854606
2020-09-07,634992.0059122525
2020-09-08,750269.2925016603
2020-09-09,840760.1894216822
2020-09-10,762772.6347716739
2020-09-11,719113.5047675119
2020-09-12,645227.1789990705
2020-09-13,652453.5632072891
2020-09-14,491973.1152922613
2020-09-15,686820.6001071585
2020-09-16,526601.6878569298
2020-09-17,519210.6770046989
2020-09-18,753893.7613416889
2020-09-19,623823.3668736045
2020-09-20,754399.1969421325
2020-09-21,792829.1677040035
2020-09-22,694000.1677127151
2020-09-23,635404.5103010545
2020-09-24,637429.9713343906
2020-09-25,725193.0613910327
2020-09-26,618318.4493291233
2020-09-27,643296.7217181547
2020-09-28,692925.8614083445
2020-09-29,764164.0532288388
2020-09-30,640355.4310535189
2020-10-01,481948.11580873624
2020-10-02,687712.5455118375
2020-10-03,585874.2465541554
2020-10-04,538754.0478337678
2020-10-05,686095.7418316951
2020-10-06,784145.1618470424
2020-10-07,733008.5794887902
2020-10-08,799360.9458216291
2020-10-09,620402.9048116533
2020-10-10,643251.4705465094
2020-10-11,552770.0179299745
2020-10-12,585352.1047433222
2020-10-13,614606.1196766255
2020-10-14,600212.8971086504
2020-10-15,702941.5692392428
2020-10-16,605994.770448497
2020-10-17,468636.48131525534
2020-10-18,664477.14768166
2020-10-19,808615.0680493293
2020-10-20,648869.5171226545
2020-10-21,610836.5784879103
2020-10-22,588535.3808186603
2020-10-23,462860.97052616475
2020-10-24,583261.1425806587
2020-10-25,598676.0468525256
2020-10-26,504044.15810917085
2020-10-27,697521.8070399602
2020-10-28,804192.247363514
2020-10-29,862311.3868195489
2020-10-30,783436.6576464896
2020-10-31,746506.2068884713
2020-11-01,850007.4546623108
2020-11-02,762549.6069746828
2020-11-03,865243.9078701411
2020-11-04,729130.3235573255
2020-11-05,881522.5138198597
2020-11-06,1030892.6654668348
2020-11-07,782894.5384962122
2020-11-08,764778.058170381
2020-11-09,549512.3881044132
2020-11-10,313749.4731545132
2020-11-11,387907.85403755726
2020-11-12,333712.85859256587
2020-11-13,377694.95988837956
2020-11-14,543379.831313445
2020-11-15,513377.8015491412
2020-11-16,697850.4771403044
2020-11-17,822604.5362152618
2020-11-18,717049.0553670703
2020-11-19,652814.5746371445
2020-11-20,442611.82215070236
2020-11-21,535665.0968392603
2020-11-22,758665.5125438657
2020-11-23,895216.2072392046
2020-11-24,830120.1281505607
2020-11-25,940470.9450552252
2020-11-26,986273.7255405076
2020-11-27,692847.7889981195
2020-11-28,689635.7335619582
2020-11-29,777588.5442919447
2020-11-30,861217.8841582313
2020-12-01,1106514.6913078115
2020-12-02,1129766.7508321856
2020-12-03,1004845.7938619134
2020-12-04,996927.672914163
2020-12-05,972411.8536788952
2020-12-06,945025.5704567663
2020-12-07,1065612.9099372942
2020-12-08,1089442.5675859805
2020-12-09,988848.8019185634
2020-12-10,925924.560948634
2020-12-11,909484.976412337
2020-12-12,810822.2763302659
2020-12-13,617189.2957688932
2020-12-14,563162.1561755873
2020-12-15,651038.0494354545
2020-12-16,674206.3291212561
2020-12-17,701991.9901489384
2020-12-18,722603.4314596908
2020-12-19,795276.1099935551
2020-12-20,626326.5381265281
2020-12-21,731115.833427123
2020-12-22,602106.4331735626
2020-12-23,638622.6947514564
2020-12-24,568631.0835677335
2020-12-25,638776.9504593341
2020-12-26,691620.6662053535
2020-12-27,730834.4955953863
2020-12-28,596890.0757372783
2020-12-29,507951.02778155735
